{
  "files": [
    {
      "filepath": "C:/Projects/typescript-class-builder/src/tests/benchmarks/builder.bench.ts",
      "groups": [
        {
          "fullName": "src/tests/benchmarks/builder.bench.ts > class construction",
          "benchmarks": [
            {
              "id": "1721463152_0_0",
              "name": "builder to setters",
              "rank": 1,
              "rme": 0.5315272859460016,
              "samples": [],
              "totalTime": 500.00099999998065,
              "min": 0.0008999999997740815,
              "max": 0.8890999999999849,
              "hz": 930784.1384317592,
              "period": 0.00107436295775824,
              "mean": 0.00107436295775824,
              "variance": 0.000003950580213578451,
              "sd": 0.001987606654642324,
              "sem": 0.0000029135368727456944,
              "df": 465392,
              "critical": 1.96,
              "moe": 0.000005710532270581561,
              "p75": 0.0009999999999763531,
              "p99": 0.004199999999968895,
              "p995": 0.008000000000038199,
              "p999": 0.016599999999925785,
              "sampleCount": 465393,
              "median": 0.0009999999999763531
            }
          ]
        },
        {
          "fullName": "src/tests/benchmarks/builder.bench.ts > class construction",
          "benchmarks": [
            {
              "id": "1721463152_1_0",
              "name": "builder to fields",
              "rank": 1,
              "rme": 0.6228027187975451,
              "samples": [],
              "totalTime": 500.0003999999674,
              "min": 0.0009999999999763531,
              "max": 1.4100000000000819,
              "hz": 805991.3552069684,
              "period": 0.0012407080963581956,
              "mean": 0.0012407080963581956,
              "variance": 0.000006263669364478046,
              "sd": 0.002502732379715827,
              "sem": 0.000003942430487989852,
              "df": 402995,
              "critical": 1.96,
              "moe": 0.000007727163756460109,
              "p75": 0.001199999999926149,
              "p99": 0.0040999999998803105,
              "p995": 0.006399999999985084,
              "p999": 0.013099999999894862,
              "sampleCount": 402996,
              "median": 0.0011000000001786248
            }
          ]
        },
        {
          "fullName": "src/tests/benchmarks/builder.bench.ts > class construction",
          "benchmarks": [
            {
              "id": "1721463152_2_0",
              "name": "builder implementation",
              "rank": 1,
              "rme": 0.2322154060415294,
              "samples": [],
              "totalTime": 500.0001000000834,
              "min": 0.0011999999996987754,
              "max": 0.2003999999997177,
              "hz": 683543.8632911133,
              "period": 0.00146296390576198,
              "mean": 0.00146296390576198,
              "variance": 0.0000010267710567096748,
              "sd": 0.0010132971216329763,
              "sem": 0.0000017332793744929591,
              "df": 341771,
              "critical": 1.96,
              "moe": 0.0000033972275740062,
              "p75": 0.0014000000001033186,
              "p99": 0.004100000000107684,
              "p995": 0.005400000000008731,
              "p999": 0.014000000000123691,
              "sampleCount": 341772,
              "median": 0.0014000000001033186
            }
          ]
        }
      ]
    }
  ]
}