{
  "files": [
    {
      "filepath": "C:/Projects/typescript-class-builder/src/tests/benchmarks/builder.bench.ts",
      "groups": [
        {
          "fullName": "src/tests/benchmarks/builder.bench.ts > class construction",
          "benchmarks": [
            {
              "id": "1721463152_0_0",
              "name": "builder to setters",
              "rank": 1,
              "rme": 0.5381458297460172,
              "samples": [],
              "totalTime": 500.0003000000301,
              "min": 0.0008999999998877684,
              "max": 1.0165000000000077,
              "hz": 891505.4650966672,
              "period": 0.001121698115324025,
              "mean": 0.001121698115324025,
              "variance": 0.000004227991160619366,
              "sd": 0.0020562079565596874,
              "sem": 0.000003079781443855057,
              "df": 445752,
              "critical": 1.96,
              "moe": 0.000006036371629955912,
              "p75": 0.001099999999951251,
              "p99": 0.0029999999999290594,
              "p995": 0.006300000000010186,
              "p999": 0.01630000000000109,
              "sampleCount": 445753,
              "median": 0.0009999999999763531
            }
          ]
        },
        {
          "fullName": "src/tests/benchmarks/builder.bench.ts > class construction",
          "benchmarks": [
            {
              "id": "1721463152_1_0",
              "name": "builder to fields",
              "rank": 1,
              "rme": 0.2967368930240471,
              "samples": [],
              "totalTime": 500.00099999995655,
              "min": 0.0009999999999763531,
              "max": 0.15560000000004948,
              "hz": 818808.3623833464,
              "period": 0.0012212869896556138,
              "mean": 0.0012212869896556138,
              "variance": 0.0000013996503304441391,
              "sd": 0.0011830681850359002,
              "sem": 0.000001848984218372951,
              "df": 409404,
              "critical": 1.96,
              "moe": 0.000003624009068010984,
              "p75": 0.001199999999926149,
              "p99": 0.0030999999999039574,
              "p995": 0.006399999999985084,
              "p999": 0.016200000000026193,
              "sampleCount": 409405,
              "median": 0.0011000000001786248
            }
          ]
        },
        {
          "fullName": "src/tests/benchmarks/builder.bench.ts > class construction",
          "benchmarks": [
            {
              "id": "1721463152_2_0",
              "name": "builder implementation",
              "rank": 1,
              "rme": 0.49943413384647706,
              "samples": [],
              "totalTime": 500.0007000001499,
              "min": 0.0011999999996987754,
              "max": 0.9261999999998807,
              "hz": 655621.0821302885,
              "period": 0.0015252712691158927,
              "mean": 0.0015252712691158927,
              "variance": 0.000004951787522503282,
              "sd": 0.002225261225677399,
              "sem": 0.000003886594567203126,
              "df": 327810,
              "critical": 1.96,
              "moe": 0.0000076177253517181265,
              "p75": 0.0014999999998508429,
              "p99": 0.004499999999552529,
              "p995": 0.00959999999986394,
              "p999": 0.01710000000002765,
              "sampleCount": 327811,
              "median": 0.0014000000001033186
            }
          ]
        },
        {
          "fullName": "src/tests/benchmarks/builder.bench.ts > builder creation",
          "benchmarks": [
            {
              "id": "1721463152_3_0",
              "name": "parametrized builder",
              "rank": 1,
              "rme": 0.29437670359287194,
              "samples": [],
              "totalTime": 500.00029999990375,
              "min": 0.0005999999998493877,
              "max": 0.24260000000003856,
              "hz": 1304351.2173895207,
              "period": 0.0007666646733395644,
              "mean": 0.0007666646733395644,
              "variance": 8.647099372569711e-7,
              "sd": 0.0009298978101151605,
              "sem": 0.000001151470506626566,
              "df": 652175,
              "critical": 1.96,
              "moe": 0.000002256882192988069,
              "p75": 0.0007000000000516593,
              "p99": 0.0010000000002037268,
              "p995": 0.0037999999999556167,
              "p999": 0.01319999999986976,
              "sampleCount": 652176,
              "median": 0.0007000000000516593
            }
          ]
        }
      ]
    }
  ]
}