{
  "files": [
    {
      "filepath": "C:/Projects/typescript-class-builder/src/tests/benchmarks/builder.bench.ts",
      "groups": [
        {
          "fullName": "src/tests/benchmarks/builder.bench.ts > class construction",
          "benchmarks": [
            {
              "id": "1721463152_0_0",
              "name": "builder to setters",
              "rank": 1,
              "rme": 0.46040829073086886,
              "samples": [],
              "totalTime": 500.0014999999971,
              "min": 0.0013999999999896318,
              "max": 0.864400000000046,
              "hz": 592852.221443339,
              "period": 0.001686760990058251,
              "mean": 0.001686760990058251,
              "variance": 0.000004653706438806066,
              "sd": 0.0021572451040171737,
              "sem": 0.000003962238491348099,
              "df": 296426,
              "critical": 1.96,
              "moe": 0.000007765987443042275,
              "p75": 0.0016000000000531145,
              "p99": 0.004700000000070759,
              "p995": 0.007000000000061846,
              "p999": 0.016899999999964166,
              "sampleCount": 296427,
              "median": 0.0015999999999394277
            }
          ]
        },
        {
          "fullName": "src/tests/benchmarks/builder.bench.ts > class construction",
          "benchmarks": [
            {
              "id": "1721463152_1_0",
              "name": "builder to fields",
              "rank": 1,
              "rme": 0.3022551541701034,
              "samples": [],
              "totalTime": 500.00020000000313,
              "min": 0.0015999999998257408,
              "max": 0.1958999999999378,
              "hz": 542207.7831168834,
              "period": 0.0018443114081680945,
              "mean": 0.0018443114081680945,
              "variance": 0.0000021930054888872666,
              "sd": 0.0014808799711277301,
              "sem": 0.0000028441460663955504,
              "df": 271103,
              "critical": 1.96,
              "moe": 0.000005574526290135279,
              "p75": 0.0018000000000029104,
              "p99": 0.005000000000109139,
              "p995": 0.010300000000142973,
              "p999": 0.01749999999992724,
              "sampleCount": 271104,
              "median": 0.0017000000000280124
            }
          ]
        },
        {
          "fullName": "src/tests/benchmarks/builder.bench.ts > class construction",
          "benchmarks": [
            {
              "id": "1721463152_2_0",
              "name": "builder implementation",
              "rank": 1,
              "rme": 0.23082030311340965,
              "samples": [],
              "totalTime": 500.0011000000104,
              "min": 0.0011999999996987754,
              "max": 0.1856999999999971,
              "hz": 704904.4492101971,
              "period": 0.0014186319878111704,
              "mean": 0.0014186319878111704,
              "variance": 9.837315027280576e-7,
              "sd": 0.0009918323964904845,
              "sem": 0.0000016706584971069043,
              "df": 352452,
              "critical": 1.96,
              "moe": 0.000003274490654329532,
              "p75": 0.0014000000001033186,
              "p99": 0.0041999999998552084,
              "p995": 0.006600000000162254,
              "p999": 0.014300000000048385,
              "sampleCount": 352453,
              "median": 0.0013000000003557943
            }
          ]
        }
      ]
    }
  ]
}