{
  "files": [
    {
      "filepath": "C:/Projects/typescript-class-builder/src/tests/benchmarks/builder.bench.ts",
      "groups": [
        {
          "fullName": "src/tests/benchmarks/builder.bench.ts > class construction",
          "benchmarks": [
            {
              "id": "1721463152_0_0",
              "name": "builder to setters",
              "rank": 1,
              "rme": 0.4811995718794671,
              "samples": [],
              "totalTime": 500.00029999967865,
              "min": 0.001399999999193824,
              "max": 0.9354000000002998,
              "hz": 579039.6525765806,
              "period": 0.0017269974440442064,
              "mean": 0.0017269974440442064,
              "variance": 0.000005204754886135735,
              "sd": 0.0022813931897276572,
              "sem": 0.0000042399511770969695,
              "df": 289519,
              "critical": 1.96,
              "moe": 0.00000831030430711006,
              "p75": 0.0016999999998006388,
              "p99": 0.004799999999704596,
              "p995": 0.007300000000213913,
              "p999": 0.017099999999118154,
              "sampleCount": 289520,
              "median": 0.0016000000005078618
            }
          ]
        },
        {
          "fullName": "src/tests/benchmarks/builder.bench.ts > class construction",
          "benchmarks": [
            {
              "id": "1721463152_1_0",
              "name": "builder to fields",
              "rank": 1,
              "rme": 0.47485147053905874,
              "samples": [],
              "totalTime": 500.00049999994644,
              "min": 0.0015999999995983671,
              "max": 0.8305000000000291,
              "hz": 537029.4629705945,
              "period": 0.0018620952274545051,
              "mean": 0.0018620952274545051,
              "variance": 0.000005464818688128049,
              "sd": 0.0023376951657836076,
              "sem": 0.000004511319678778239,
              "df": 268514,
              "critical": 1.96,
              "moe": 0.00000884218657040535,
              "p75": 0.0018000000000029104,
              "p99": 0.007100000000718865,
              "p995": 0.010800000000017462,
              "p999": 0.018000000000029104,
              "sampleCount": 268515,
              "median": 0.0017000000007101335
            }
          ]
        },
        {
          "fullName": "src/tests/benchmarks/builder.bench.ts > class construction",
          "benchmarks": [
            {
              "id": "1721463152_2_0",
              "name": "builder implementation",
              "rank": 1,
              "rme": 0.256600318136246,
              "samples": [],
              "totalTime": 500.00129999969977,
              "min": 0.0011999999987892807,
              "max": 0.24220000000059372,
              "hz": 682720.2249278252,
              "period": 0.0014647288354548403,
              "mean": 0.0014647288354548403,
              "variance": 0.0000012552510784055872,
              "sd": 0.0011203798812927637,
              "sem": 0.0000019176014549032917,
              "df": 341360,
              "critical": 1.96,
              "moe": 0.0000037584988516104514,
              "p75": 0.0014000000010128133,
              "p99": 0.0018000000000029104,
              "p995": 0.006900000000314321,
              "p999": 0.0169000000005326,
              "sampleCount": 341361,
              "median": 0.001399999999193824
            }
          ]
        }
      ]
    }
  ]
}