{
  "files": [
    {
      "filepath": "C:/Projects/typescript-class-builder/src/tests/benchmarks/builder.bench.ts",
      "groups": [
        {
          "fullName": "src/tests/benchmarks/builder.bench.ts > class construction",
          "benchmarks": [
            {
              "id": "1721463152_0_0",
              "name": "builder to setters",
              "rank": 1,
              "rme": 0.3120899185413345,
              "samples": [],
              "totalTime": 500.0023999999961,
              "min": 0.0050999999999703505,
              "max": 0.277499999999975,
              "hz": 171927.17474956255,
              "period": 0.005816416174212416,
              "mean": 0.005816416174212416,
              "variance": 0.000007373520625092702,
              "sd": 0.0027154227341415374,
              "sem": 0.000009261453316390068,
              "df": 85963,
              "critical": 1.96,
              "moe": 0.000018152448500124533,
              "p75": 0.005599999999958527,
              "p99": 0.014299999999934698,
              "p995": 0.01850000000001728,
              "p999": 0.03589999999996962,
              "sampleCount": 85964,
              "median": 0.005400000000008731
            }
          ]
        },
        {
          "fullName": "src/tests/benchmarks/builder.bench.ts > class construction",
          "benchmarks": [
            {
              "id": "1721463152_1_0",
              "name": "builder to fields",
              "rank": 1,
              "rme": 0.36766738371721663,
              "samples": [],
              "totalTime": 500.0053999999941,
              "min": 0.005099999999856664,
              "max": 0.39020000000004984,
              "hz": 171888.14360805106,
              "period": 0.005817736924777405,
              "mean": 0.005817736924777405,
              "variance": 0.000010235918991806178,
              "sd": 0.0031993622789246888,
              "sem": 0.000010913225072897725,
              "df": 85944,
              "critical": 1.96,
              "moe": 0.00002138992114287954,
              "p75": 0.005499999999983629,
              "p99": 0.014400000000023283,
              "p995": 0.01979999999980464,
              "p999": 0.035499999999956344,
              "sampleCount": 85945,
              "median": 0.005400000000008731
            }
          ]
        },
        {
          "fullName": "src/tests/benchmarks/builder.bench.ts > class construction",
          "benchmarks": [
            {
              "id": "1721463152_2_0",
              "name": "builder implementation",
              "rank": 1,
              "rme": 0.25656681839183165,
              "samples": [],
              "totalTime": 500.0025000001101,
              "min": 0.001299999999901047,
              "max": 0.3550999999999931,
              "hz": 655188.7240562354,
              "period": 0.0015262777933799866,
              "mean": 0.0015262777933799866,
              "variance": 0.0000013076592671302041,
              "sd": 0.0011435293031357807,
              "sem": 0.000001997919578722493,
              "df": 327595,
              "critical": 1.96,
              "moe": 0.0000039159223742960856,
              "p75": 0.0015000000000782165,
              "p99": 0.00430000000005748,
              "p995": 0.007100000000036744,
              "p999": 0.015899999999874126,
              "sampleCount": 327596,
              "median": 0.0014000000001033186
            }
          ]
        }
      ]
    }
  ]
}