{
  "files": [
    {
      "filepath": "C:/Projects/typescript-class-builder/src/tests/benchmarks/builder.bench.ts",
      "groups": [
        {
          "fullName": "src/tests/benchmarks/builder.bench.ts > class construction",
          "benchmarks": [
            {
              "id": "1721463152_0_0",
              "name": "builder to setters",
              "rank": 1,
              "rme": 0.45260865452018495,
              "samples": [],
              "totalTime": 500.00279999997747,
              "min": 0.004999999999654392,
              "max": 0.27109999999993306,
              "hz": 167623.06131086423,
              "period": 0.005965766238724496,
              "mean": 0.005965766238724496,
              "variance": 0.00001590641224293334,
              "sd": 0.003988284373378275,
              "sem": 0.000013776313420872646,
              "df": 83811,
              "critical": 1.96,
              "moe": 0.000027001574304910385,
              "p75": 0.005599999999958527,
              "p99": 0.020500000000083674,
              "p995": 0.0215000000002874,
              "p999": 0.05150000000003274,
              "sampleCount": 83812,
              "median": 0.005300000000261207
            }
          ]
        },
        {
          "fullName": "src/tests/benchmarks/builder.bench.ts > class construction",
          "benchmarks": [
            {
              "id": "1721463152_1_0",
              "name": "builder to fields",
              "rank": 1,
              "rme": 0.35486402230273156,
              "samples": [],
              "totalTime": 500.00060000003214,
              "min": 0.005000000000109139,
              "max": 0.3722000000002481,
              "hz": 173995.79120503936,
              "period": 0.005747265454378631,
              "mean": 0.005747265454378631,
              "variance": 0.000009419841195117176,
              "sd": 0.0030691759798221374,
              "sem": 0.000010405600695828251,
              "df": 86997,
              "critical": 1.96,
              "moe": 0.000020394977363823372,
              "p75": 0.005400000000008731,
              "p99": 0.014699999999720603,
              "p995": 0.020799999999780994,
              "p999": 0.02860000000009677,
              "sampleCount": 86998,
              "median": 0.005300000000261207
            }
          ]
        },
        {
          "fullName": "src/tests/benchmarks/builder.bench.ts > class construction",
          "benchmarks": [
            {
              "id": "1721463152_2_0",
              "name": "builder implementation",
              "rank": 1,
              "rme": 0.22534441842217284,
              "samples": [],
              "totalTime": 500.0001999999722,
              "min": 0.001299999999901047,
              "max": 0.15419999999994616,
              "hz": 650261.7398953402,
              "period": 0.0015378422851096089,
              "mean": 0.0015378422851096089,
              "variance": 0.0000010163971638313716,
              "sd": 0.00100816524629218,
              "sem": 0.0000017680825273625008,
              "df": 325130,
              "critical": 1.96,
              "moe": 0.0000034654417536305013,
              "p75": 0.0014999999998508429,
              "p99": 0.00430000000005748,
              "p995": 0.00680000000011205,
              "p999": 0.014200000000073487,
              "sampleCount": 325131,
              "median": 0.0014999999998508429
            }
          ]
        }
      ]
    }
  ]
}