{
  "files": [
    {
      "filepath": "C:/Projects/typescript-class-builder/src/tests/benchmarks/builder.bench.ts",
      "groups": [
        {
          "fullName": "src/tests/benchmarks/builder.bench.ts > class construction",
          "benchmarks": [
            {
              "id": "1721463152_0_0",
              "name": "builder to setters",
              "rank": 2,
              "rme": 0.3218861777635478,
              "samples": [],
              "totalTime": 500.001500000114,
              "min": 0.004999999999199645,
              "max": 0.22890000000006694,
              "hz": 175961.47211554355,
              "period": 0.005683062252078448,
              "mean": 0.005683062252078448,
              "variance": 0.00000766383654658255,
              "sd": 0.002768363514169075,
              "sem": 0.000009333159113846078,
              "df": 87980,
              "critical": 1.96,
              "moe": 0.000018292991863138314,
              "p75": 0.005400000000008731,
              "p99": 0.014100000000325963,
              "p995": 0.018299999999726424,
              "p999": 0.037000000000261934,
              "sampleCount": 87981,
              "median": 0.0052999999998064595
            },
            {
              "id": "1721463152_0_1",
              "name": "builder to fields",
              "rank": 3,
              "rme": 0.3007755902741604,
              "samples": [],
              "totalTime": 500.0006999999623,
              "min": 0.005099999999401916,
              "max": 0.16630000000077416,
              "hz": 174235.75606995463,
              "period": 0.005739350076906751,
              "mean": 0.005739350076906751,
              "variance": 0.000006757815971648256,
              "sd": 0.0025995799606183027,
              "sem": 0.000008807430648835081,
              "df": 87117,
              "critical": 1.96,
              "moe": 0.00001726256407171676,
              "p75": 0.005500000000211003,
              "p99": 0.014200000000528235,
              "p995": 0.01840000000083819,
              "p999": 0.02639999999973952,
              "sampleCount": 87118,
              "median": 0.005300000000715954
            },
            {
              "id": "1721463152_0_2",
              "name": "builder implementation",
              "rank": 1,
              "rme": 0.22963213624636256,
              "samples": [],
              "totalTime": 500.00020000094446,
              "min": 0.0010999999994965037,
              "max": 0.1418999999996231,
              "hz": 762151.6951378823,
              "period": 0.0013120747567439159,
              "mean": 0.0013120747567439159,
              "variance": 9.004963306796603e-7,
              "sd": 0.0009489448512319671,
              "sem": 0.0000015372169862552649,
              "df": 381075,
              "critical": 1.96,
              "moe": 0.000003012945293060319,
              "p75": 0.001299999999901047,
              "p99": 0.002199999999902502,
              "p995": 0.004399999999805004,
              "p999": 0.0136000000002241,
              "sampleCount": 381076,
              "median": 0.00120000000060827
            }
          ]
        }
      ]
    }
  ]
}